Act Title,PDF URL
Accountants Act 2004,https://sso.agc.gov.sg/Act/AA2004?ViewType=Pdf&_=20250102161905
Accounting and Corporate Regulatory Authority Act 2004,https://sso.agc.gov.sg/Act/ACRAA2004?ViewType=Pdf&_=20250521025249
Accounting Standards Act 2007,https://sso.agc.gov.sg/Act/ASA2007?ViewType=Pdf&_=20250509142823
Active Mobility Act 2017,https://sso.agc.gov.sg/Act/AMA2017?ViewType=Pdf&_=20241129120902
Administration of Justice (Protection) Act 2016,https://sso.agc.gov.sg/Act/AJPA2016?ViewType=Pdf&_=20250320032915
Administration of Muslim Law Act 1966,https://sso.agc.gov.sg/Act/AMLA1966?ViewType=Pdf&_=20250519183704
Adoption of Children Act 2022,https://sso.agc.gov.sg/Act/ACA2022?ViewType=Pdf&_=20250509142536
Advance Medical Directive Act 1996,https://sso.agc.gov.sg/Act/AMDA1996?ViewType=Pdf&_=20241205145424
"Agency for Science, Technology and Research Act 1990",https://sso.agc.gov.sg/Act/ASTRA1990?ViewType=Pdf&_=20240110030907
Air Navigation Act 1966,https://sso.agc.gov.sg/Act/ANA1966?ViewType=Pdf&_=20241129222842
Allied Health Professions Act 2011,https://sso.agc.gov.sg/Act/AHPA2011?ViewType=Pdf&_=20250117024407
Amusement Rides Safety Act 2011,https://sso.agc.gov.sg/Act/ARSA2011?ViewType=Pdf&_=20240725012130
Animals and Birds Act 1965,https://sso.agc.gov.sg/Act/ABA1965?ViewType=Pdf&_=20241227010040
Apostille Act 2020,https://sso.agc.gov.sg/Act/AA2020?ViewType=Pdf&_=20250509132901
Application of English Law Act 1993,https://sso.agc.gov.sg/Act/AELA1993?ViewType=Pdf&_=20240118024833
Apportionment Act 1928,https://sso.agc.gov.sg/Act/AA1928?ViewType=Pdf&_=20230623214335
Apportionment of Rents Act 1909,https://sso.agc.gov.sg/Act/ARA1909?ViewType=Pdf&_=20240213201118
Appraisers Act 1906,https://sso.agc.gov.sg/Act/AA1906?ViewType=Pdf&_=20240203013120
Arbitration (International Investment Disputes) Act 1968,https://sso.agc.gov.sg/Act/AIIDA1968?ViewType=Pdf&_=20250108015424
Arbitration Act 2001,https://sso.agc.gov.sg/Act/AA2001?ViewType=Pdf&_=20250403160141
Architects Act 1991,https://sso.agc.gov.sg/Act/AA1991?ViewType=Pdf&_=20250113110147
Arms and Explosives Act 1913,https://sso.agc.gov.sg/Act/AEA1913?ViewType=Pdf&_=20250403160141
Arms Offences Act 1973,https://sso.agc.gov.sg/Act/AOA1973?ViewType=Pdf&_=20250403160141
Asian Development Bank Act 1966,https://sso.agc.gov.sg/Act/ADBA1966?ViewType=Pdf&_=20241004121436
Asian Infrastructure Investment Bank Act 2015,https://sso.agc.gov.sg/Act/AIIBA2015?ViewType=Pdf&_=20240321165208
Attorney-General (Additional Functions) Act 2014,https://sso.agc.gov.sg/Act/AGAFA2014?ViewType=Pdf&_=20250509142823
Audit Act 1966,https://sso.agc.gov.sg/Act/AA1966?ViewType=Pdf&_=20240228144252
Banking Act 1970,https://sso.agc.gov.sg/Act/BA1970?ViewType=Pdf&_=20250308213712
Bills of Exchange Act 1949,https://sso.agc.gov.sg/Act/BEA1949?ViewType=Pdf&_=20240731031906
Bills of Lading Act 1992,https://sso.agc.gov.sg/Act/BLA1992?ViewType=Pdf&_=20230613150626
Bills of Sale Act 1886,https://sso.agc.gov.sg/Act/BSA1886?ViewType=Pdf&_=20250115024520
Biological Agents and Toxins Act 2005,https://sso.agc.gov.sg/Act/BATA2005?ViewType=Pdf&_=20250204112813
Bishop of Singapore Ordinance 1911,https://sso.agc.gov.sg/Act/BSO1911?ViewType=Pdf&_=20221005004320
Boundaries and Survey Maps Act 1998,https://sso.agc.gov.sg/Act/BSMA1998?ViewType=Pdf&_=20230727135904
Boy Scouts Association Act 1926,https://sso.agc.gov.sg/Act/BSAA1926?ViewType=Pdf&_=20240916204331
Bretton Woods Agreements Act 1966,https://sso.agc.gov.sg/Act/BWAA1966?ViewType=Pdf&_=20240916211352
Broadcasting Act 1994,https://sso.agc.gov.sg/Act/BA1994?ViewType=Pdf&_=20250220020137
Brothers of St. Gabriel Ordinance 1950,https://sso.agc.gov.sg/Act/BSGO1950?ViewType=Pdf&_=20250529123144
Building and Construction Authority Act 1999,https://sso.agc.gov.sg/Act/BCAA1999?ViewType=Pdf&_=20240629025516
Building and Construction Industry Security of Payment Act 2004,https://sso.agc.gov.sg/Act/BCISPA2004?ViewType=Pdf&_=20230420164646
Building Control Act 1989,https://sso.agc.gov.sg/Act/BCA1989?ViewType=Pdf&_=20250425134144
Building Maintenance and Strata Management Act 2004,https://sso.agc.gov.sg/Act/BMSMA2004?ViewType=Pdf&_=20250308213712
Bus Services Industry Act 2015,https://sso.agc.gov.sg/Act/BSIA2015?ViewType=Pdf&_=20250328183657
Business Names Registration Act 2014,https://sso.agc.gov.sg/Act/BNRA2014?ViewType=Pdf&_=20250509195508
Business Trusts Act 2004,https://sso.agc.gov.sg/Act/BTA2004?ViewType=Pdf&_=20250308213730
Carbon Pricing Act 2018,https://sso.agc.gov.sg/Act/CPA2018?ViewType=Pdf&_=20241231162044
CareShield Life and Long-Term Care Act 2019,https://sso.agc.gov.sg/Act/CLLTCA2019?ViewType=Pdf&_=20241115112552
"Carriage by Air (Montreal Convention, 1999) Act 2007",https://sso.agc.gov.sg/Act/CAMC1999A2007?ViewType=Pdf&_=20250318190812
Carriage by Air Act 1988,https://sso.agc.gov.sg/Act/CAA1988?ViewType=Pdf&_=20240703191129
Carriage of Goods by Sea Act 1972,https://sso.agc.gov.sg/Act/CGSA1972?ViewType=Pdf&_=20250102155036
Casino Control Act 2006,https://sso.agc.gov.sg/Act/CCA2006?ViewType=Pdf&_=20250102161918
Census Act 1973,https://sso.agc.gov.sg/Act/CA1973?ViewType=Pdf&_=20250127184213
Central Provident Fund Act 1953,https://sso.agc.gov.sg/Act/CPFA1953?ViewType=Pdf&_=20250523170729
Central Sikh Gurdwara Board Act 1981,https://sso.agc.gov.sg/Act/CSGBA1981?ViewType=Pdf&_=20241227210654
Charities Act 1994,https://sso.agc.gov.sg/Act/CA1994?ViewType=Pdf&_=20241231205840
Chemical Weapons (Prohibition) Act 2000,https://sso.agc.gov.sg/Act/CWPA2000?ViewType=Pdf&_=20250503031845
Child Development Co-Savings Act 2001,https://sso.agc.gov.sg/Act/CDCSA2001?ViewType=Pdf&_=20250509195445
Children and Young Persons Act 1993,https://sso.agc.gov.sg/Act/CYPA1993?ViewType=Pdf&_=20250308213730
Chit Funds Act 1971,https://sso.agc.gov.sg/Act/CFA1971?ViewType=Pdf&_=20250507203114
Choice of Court Agreements Act 2016,https://sso.agc.gov.sg/Act/CCAA2016?ViewType=Pdf&_=20241227210915
Christian Brothers’ Schools Visitor Ordinance 1915,https://sso.agc.gov.sg/Act/CBSVO1915?ViewType=Pdf&_=20240205130525
Civil Aviation Authority of Singapore Act 2009,https://sso.agc.gov.sg/Act/CAASA2009?ViewType=Pdf&_=20250328160606
Civil Defence Act 1986,https://sso.agc.gov.sg/Act/CDA1986?ViewType=Pdf&_=20240601033052
Civil Defence Shelter Act 1997,https://sso.agc.gov.sg/Act/CDSA1997?ViewType=Pdf&_=20240319140859
Civil Law Act 1909,https://sso.agc.gov.sg/Act/CLA1909?ViewType=Pdf&_=20250507130548
Civil List and Gratuity Act 1970,https://sso.agc.gov.sg/Act/CLGA1970?ViewType=Pdf&_=20230721181707
Civil Service College Act 2001,https://sso.agc.gov.sg/Act/CSCA2001?ViewType=Pdf&_=20250308182000
Commodity Trading Act 1992,https://sso.agc.gov.sg/Act/CTA1992?ViewType=Pdf&_=20241217154922
Common Services Tunnels Act 2018,https://sso.agc.gov.sg/Act/CSTA2018?ViewType=Pdf&_=20241016125559
Communicable Diseases Agency Act 2025,https://sso.agc.gov.sg/Act/CDAA2025?ViewType=Pdf&_=20250509142823
Community Care Endowment Fund Act 2005,https://sso.agc.gov.sg/Act/CCEFA2005?ViewType=Pdf&_=20231129172641
Community Disputes Resolution Act 2015,https://sso.agc.gov.sg/Act/CDRA2015?ViewType=Pdf&_=20250509142823
Community Mediation Centres Act 1997,https://sso.agc.gov.sg/Act/CMCA1997?ViewType=Pdf&_=20250509142823
Companies Act 1967,https://sso.agc.gov.sg/Act/CoA1967?ViewType=Pdf&_=20250529104638
Competition Act 2004,https://sso.agc.gov.sg/Act/CA2004?ViewType=Pdf&_=20250102154455
Compulsory Education Act 2000,https://sso.agc.gov.sg/Act/CEA2000?ViewType=Pdf&_=20240102191529
Computer Misuse Act 1993,https://sso.agc.gov.sg/Act/CMA1993?ViewType=Pdf&_=20240213154506
Constitution of the Republic of Singapore,https://sso.agc.gov.sg/Act/CONS1963?ViewType=Pdf&_=20241227213900
Consumer Protection (Fair Trading) Act 2003,https://sso.agc.gov.sg/Act/CPFTA2003?ViewType=Pdf&_=20250308213730
Consumer Protection (Trade Descriptions and Safety Requirements) Act 1975,https://sso.agc.gov.sg/Act/CPTDSRA1975?ViewType=Pdf&_=20231207211548
Contracts (Rights of Third Parties) Act 2001,https://sso.agc.gov.sg/Act/CRTPA2001?ViewType=Pdf&_=20241129122738
Contributory Negligence and Personal Injuries Act 1953,https://sso.agc.gov.sg/Act/CNPIA1953?ViewType=Pdf&_=20240213154506
Control of Essential Supplies Act 1973,https://sso.agc.gov.sg/Act/CESA1973?ViewType=Pdf&_=20230621092018
Control of Manufacture Act 1959,https://sso.agc.gov.sg/Act/CMA1959?ViewType=Pdf&_=20250308213730
Control of Plants Act 1993,https://sso.agc.gov.sg/Act/CPA1993?ViewType=Pdf&_=20241115113124
Control of Vectors and Pesticides Act 1998,https://sso.agc.gov.sg/Act/CVPA1998?ViewType=Pdf&_=20250102155233
Conveyancing and Law of Property Act 1886,https://sso.agc.gov.sg/Act/CLPA1886?ViewType=Pdf&_=20241227210654
Co-operative Societies Act 1979,https://sso.agc.gov.sg/Act/CSA1979?ViewType=Pdf&_=20250308213730
Copyright Act 2021,https://sso.agc.gov.sg/Act/CA2021?ViewType=Pdf&_=20250523162559
Coroners Act 2010,https://sso.agc.gov.sg/Act/CA2010?ViewType=Pdf&_=20240705153925
Corporate Bodies’ Contracts Act 1960,https://sso.agc.gov.sg/Act/CBCA1960?ViewType=Pdf&_=20220628203459
Corrosive and Explosive Substances and Offensive Weapons Act 1958,https://sso.agc.gov.sg/Act/CESOWA1958?ViewType=Pdf&_=20221012120513
"Corruption, Drug Trafficking and Other Serious Crimes (Confiscation of Benefits) Act 1992",https://sso.agc.gov.sg/Act/CDTOSCCBA1992?ViewType=Pdf&_=20250509192419
Countervailing and Anti-Dumping Duties Act 1996,https://sso.agc.gov.sg/Act/CADDA1996?ViewType=Pdf&_=20241205124926
COVID-19 (Temporary Measures) Act 2020,https://sso.agc.gov.sg/Act/COVID19TMA2020?ViewType=Pdf&_=20250308190105
Credit Bureau Act 2016,https://sso.agc.gov.sg/Act/CBA2016?ViewType=Pdf&_=20250403160141
Criminal Law (Temporary Provisions) Act 1955,https://sso.agc.gov.sg/Act/CLTPA1955?ViewType=Pdf&_=20250123183512
Criminal Procedure Code 2010,https://sso.agc.gov.sg/Act/CPC2010?ViewType=Pdf&_=20250531035025
Cross-Border Railways Act 2018,https://sso.agc.gov.sg/Act/CBRA2018?ViewType=Pdf&_=20250509195433
Currency Act 1967,https://sso.agc.gov.sg/Act/CA1967?ViewType=Pdf&_=20250507203152
Customs Act 1960,https://sso.agc.gov.sg/Act/CA1960?ViewType=Pdf&_=20250328105121
Cybersecurity Act 2018,https://sso.agc.gov.sg/Act/CA2018?ViewType=Pdf&_=20240727031612
Dangerous Fireworks Act 1972,https://sso.agc.gov.sg/Act/DFA1972?ViewType=Pdf&_=20240916204431
Daughters of Charity of the Canossian Institute Incorporation Ordinance 1949,https://sso.agc.gov.sg/Act/DCCIIO1949?ViewType=Pdf&_=20240221030446
Debt Collection Act 2022,https://sso.agc.gov.sg/Act/DCA2022?ViewType=Pdf&_=20250308183737
Debtors Act 1934,https://sso.agc.gov.sg/Act/DeA1934?ViewType=Pdf&_=20240516182633
Decorations and Uniforms Act 1922,https://sso.agc.gov.sg/Act/DUA1922?ViewType=Pdf&_=20240221123140
Deep Seabed Mining Act 2015,https://sso.agc.gov.sg/Act/DSMA2015?ViewType=Pdf&_=20240221151812
Defamation Act 1957,https://sso.agc.gov.sg/Act/DA1957?ViewType=Pdf&_=20250519132231
Defence Science and Technology Agency Act 2000,https://sso.agc.gov.sg/Act/DSTAA2000?ViewType=Pdf&_=20250308182047
Dental Registration Act 1999,https://sso.agc.gov.sg/Act/DRA1999?ViewType=Pdf&_=20240228123534
Departmental Titles (Alteration) Act 1950,https://sso.agc.gov.sg/Act/DTAA1950?ViewType=Pdf&_=20240705150034
Deposit Insurance and Policy Owners’ Protection Schemes Act 2011,https://sso.agc.gov.sg/Act/DIPOPSA2011?ViewType=Pdf&_=20250509185118
Destitute Persons Act 1989,https://sso.agc.gov.sg/Act/DPA1989?ViewType=Pdf&_=20250403160141
Development Fund Act 1959,https://sso.agc.gov.sg/Act/DFA1959?ViewType=Pdf&_=20240226181133
Developmental Investment Fund Act 2000,https://sso.agc.gov.sg/Act/DIFA2000?ViewType=Pdf&_=20250127184158
Diplomatic and Consular Officers (Oaths and Fees) Act 1968,https://sso.agc.gov.sg/Act/DCOOFA1968?ViewType=Pdf&_=20240305025446
Diplomatic and Consular Relations Act 2005,https://sso.agc.gov.sg/Act/DCRA2005?ViewType=Pdf&_=20250102161448
Distress Act 1934,https://sso.agc.gov.sg/Act/DA1934?ViewType=Pdf&_=20250529133345
District Cooling Act 2001,https://sso.agc.gov.sg/Act/DCA2001?ViewType=Pdf&_=20250523163417
District Grand Master of the Eastern Archipelago Ordinance 1939,https://sso.agc.gov.sg/Act/DGMEAO1939?ViewType=Pdf&_=20240313115543
Early Childhood Development Centres Act 2017,https://sso.agc.gov.sg/Act/ECDCA2017?ViewType=Pdf&_=20240705150613
Economic Development Board Act 1961,https://sso.agc.gov.sg/Act/EDBA1961?ViewType=Pdf&_=20240516182633
Economic Expansion Incentives (Relief from Income Tax) Act 1967,https://sso.agc.gov.sg/Act/EEIRITA1967?ViewType=Pdf&_=20250102161905
Education Act 1957,https://sso.agc.gov.sg/Act/EA1957?ViewType=Pdf&_=20250308213730
Education Endowment and Savings Schemes Act 1992,https://sso.agc.gov.sg/Act/EESSA1992?ViewType=Pdf&_=20231229163843
Education Service Incentive Payment Act 2001,https://sso.agc.gov.sg/Act/ESIPA2001?ViewType=Pdf&_=20250102161703
Electric Vehicles Charging Act 2022,https://sso.agc.gov.sg/Act/EVCA2022?ViewType=Pdf&_=20241014102042
Electricity Act 2001,https://sso.agc.gov.sg/Act/EA2001?ViewType=Pdf&_=20250102161305
Electronic Transactions Act 2010,https://sso.agc.gov.sg/Act/ETA2010?ViewType=Pdf&_=20250519191211
Employment Act 1968,https://sso.agc.gov.sg/Act/EmA1968?ViewType=Pdf&_=20240613161459
Employment Agencies Act 1958,https://sso.agc.gov.sg/Act/EAA1958?ViewType=Pdf&_=20240926201546
Employment Claims Act 2016,https://sso.agc.gov.sg/Act/ECA2016?ViewType=Pdf&_=20250328183657
Employment of Foreign Manpower Act 1990,https://sso.agc.gov.sg/Act/EFMA1990?ViewType=Pdf&_=20250102161918
Endangered Species (Import and Export) Act 2006,https://sso.agc.gov.sg/Act/ESIEA2006?ViewType=Pdf&_=20250228130405
Energy Conservation Act 2012,https://sso.agc.gov.sg/Act/ECA2012?ViewType=Pdf&_=20250228130539
Energy Market Authority of Singapore Act 2001,https://sso.agc.gov.sg/Act/EMASA2001?ViewType=Pdf&_=20250328160606
Enlistment Act 1970,https://sso.agc.gov.sg/Act/EA1970?ViewType=Pdf&_=20241205153423
Enterprise Singapore Board Act 2018,https://sso.agc.gov.sg/Act/ESBA2018?ViewType=Pdf&_=20250102154724
Environmental Protection and Management Act 1999,https://sso.agc.gov.sg/Act/EPMA1999?ViewType=Pdf&_=20250509185303
Environmental Public Health Act 1987,https://sso.agc.gov.sg/Act/EPHA1987?ViewType=Pdf&_=20250308213730
Estate Agents Act 2010,https://sso.agc.gov.sg/Act/EAA2010?ViewType=Pdf&_=20250102153219
Estate Duty Act 1929,https://sso.agc.gov.sg/Act/EDA1929?ViewType=Pdf&_=20250403160141
Evidence (Civil Proceedings in Other Jurisdictions) Act 1979,https://sso.agc.gov.sg/Act/ECPOJA1979?ViewType=Pdf&_=20250523113013
Evidence Act 1893,https://sso.agc.gov.sg/Act/EA1893?ViewType=Pdf&_=20250529104617
Exchange Control Act 1953,https://sso.agc.gov.sg/Act/ECA1953?ViewType=Pdf&_=20250102154455
Exchanges (Demutualisation and Merger) Act 1999,https://sso.agc.gov.sg/Act/EDMA1999?ViewType=Pdf&_=20241115112511
Executive Condominium Housing Scheme Act 1996,https://sso.agc.gov.sg/Act/ECHSA1996?ViewType=Pdf&_=20250403160141
Explosive Substances Act 1924,https://sso.agc.gov.sg/Act/ESA1924?ViewType=Pdf&_=20240313115549
Extradition Act 1968,https://sso.agc.gov.sg/Act/EA1968?ViewType=Pdf&_=20250509195438
Factors Act 1889,https://sso.agc.gov.sg/Act/FA1889?ViewType=Pdf&_=20220620220501
Family Justice Act 2014,https://sso.agc.gov.sg/Act/FJA2014?ViewType=Pdf&_=20241205114856
"Federal Lands Commissioner, Malaysia (Incorporation) Act 1959",https://sso.agc.gov.sg/Act/FLCMIA1959?ViewType=Pdf&_=20230420164907
Feeding Stuffs Act 1965,https://sso.agc.gov.sg/Act/FSA1965?ViewType=Pdf&_=20240812203915
Fees Act 1920,https://sso.agc.gov.sg/Act/FeA1920?ViewType=Pdf&_=20241205125035
Films Act 1981,https://sso.agc.gov.sg/Act/FA1981?ViewType=Pdf&_=20250102154150
Finance Companies Act 1967,https://sso.agc.gov.sg/Act/FCA1967?ViewType=Pdf&_=20240731033234
Financial Advisers Act 2001,https://sso.agc.gov.sg/Act/FAA2001?ViewType=Pdf&_=20250318190919
Financial Holding Companies Act 2013,https://sso.agc.gov.sg/Act/FHCA2013?ViewType=Pdf&_=20250403160141
Financial Procedure Act 1966,https://sso.agc.gov.sg/Act/FPA1966?ViewType=Pdf&_=20240226181133
Financial Services and Markets Act 2022,https://sso.agc.gov.sg/Act/FSMA2022?ViewType=Pdf&_=20250531035025
Fire Safety Act 1993,https://sso.agc.gov.sg/Act/FSA1993?ViewType=Pdf&_=20241205120807
Fisheries Act 1966,https://sso.agc.gov.sg/Act/FA1966?ViewType=Pdf&_=20240814125854
Food Safety and Security Act 2025,https://sso.agc.gov.sg/Act/FSSA2025?ViewType=Pdf&_=20250529133547
Foreign Employee Dormitories Act 2015,https://sso.agc.gov.sg/Act/FEDA2015?ViewType=Pdf&_=20250102161918
Foreign Interference (Countermeasures) Act 2021,https://sso.agc.gov.sg/Act/FICA2021?ViewType=Pdf&_=20241227213819
Foreign Limitation Periods Act 2012,https://sso.agc.gov.sg/Act/FLPA2012?ViewType=Pdf&_=20240307023721
Foreign National Emblems  (Control of Display) Act 1949,https://sso.agc.gov.sg/Act/FNECDA1949?ViewType=Pdf&_=20240918201300
Foreign Recruiting Act 1875,https://sso.agc.gov.sg/Act/FRA1875?ViewType=Pdf&_=20240313115549
Foreshores Act 1920,https://sso.agc.gov.sg/Act/FA1920?ViewType=Pdf&_=20250509142000
Franciscan Missionaries of the Divine Motherhood Ordinance 1954,https://sso.agc.gov.sg/Act/FMDMO1954?ViewType=Pdf&_=20240313115549
Free Trade Zones Act 1966,https://sso.agc.gov.sg/Act/FTZA1966?ViewType=Pdf&_=20241205153413
Frustrated Contracts Act 1959,https://sso.agc.gov.sg/Act/FCA1959?ViewType=Pdf&_=20240313115549
Gambling Control Act 2022,https://sso.agc.gov.sg/Act/GCA2022?ViewType=Pdf&_=20250529133751
Gambling Duties Act 2022,https://sso.agc.gov.sg/Act/GDA2022?ViewType=Pdf&_=20250523134022
Gambling Regulatory Authority of Singapore Act 2022,https://sso.agc.gov.sg/Act/GRASA2022?ViewType=Pdf&_=20250308190407
Gas Act 2001,https://sso.agc.gov.sg/Act/GA2001?ViewType=Pdf&_=20240731030931
Geneva Conventions Act 1973,https://sso.agc.gov.sg/Act/GCA1973?ViewType=Pdf&_=20240613205029
Geographical Indications Act 2014,https://sso.agc.gov.sg/Act/GIA2014?ViewType=Pdf&_=20250403160141
Good Samaritan Food Donation Act 2024,https://sso.agc.gov.sg/Act/GSFDA2024?ViewType=Pdf&_=20241205180515
Good Shepherd Nuns Ordinance 1958,https://sso.agc.gov.sg/Act/GSNO1958?ViewType=Pdf&_=20240916202448
Goods and Services Tax Act 1993,https://sso.agc.gov.sg/Act/GSTA1993?ViewType=Pdf&_=20250308213736
Goods and Services Tax Voucher Fund Act 2012,https://sso.agc.gov.sg/Act/GSTVFA2012?ViewType=Pdf&_=20250529133611
Government Contracts Act 1966,https://sso.agc.gov.sg/Act/GCA1966?ViewType=Pdf&_=20240719172923
Government Proceedings Act 1956,https://sso.agc.gov.sg/Act/GPA1956?ViewType=Pdf&_=20250505154616
Government Procurement Act 1997,https://sso.agc.gov.sg/Act/GPA1997?ViewType=Pdf&_=20241004121833
Government Securities (Debt Market and Investment) Act 1992,https://sso.agc.gov.sg/Act/GSDMIA1992?ViewType=Pdf&_=20240719124114
Government Technology Agency Act 2016,https://sso.agc.gov.sg/Act/GTAA2016?ViewType=Pdf&_=20250507210956
Guardianship of Infants Act 1934,https://sso.agc.gov.sg/Act/GIA1934?ViewType=Pdf&_=20241205153413
"Hazardous Waste (Control of Export, Import and Transit) Act 1997",https://sso.agc.gov.sg/Act/HWCEITA1997?ViewType=Pdf&_=20241129095053
Health Products Act 2007,https://sso.agc.gov.sg/Act/HPA2007?ViewType=Pdf&_=20241205120034
Health Promotion Board Act 2001,https://sso.agc.gov.sg/Act/HPBA2001?ViewType=Pdf&_=20240412130938
Health Sciences Authority Act 2001,https://sso.agc.gov.sg/Act/HSAA2001?ViewType=Pdf&_=20240319023519
Healthcare Services Act 2020,https://sso.agc.gov.sg/Act/HSA2020?ViewType=Pdf&_=20241205122720
High Court (Admiralty Jurisdiction) Act 1961,https://sso.agc.gov.sg/Act/HCAJA1961?ViewType=Pdf&_=20241115113221
Hijacking of Aircraft and Protection of Aircraft and International Airports Act 1978,https://sso.agc.gov.sg/Act/HAPAIAA1978?ViewType=Pdf&_=20230404122816
Hindu Endowments Act 1968,https://sso.agc.gov.sg/Act/HEA1968?ViewType=Pdf&_=20241028200833
Hire-Purchase Act 1969,https://sso.agc.gov.sg/Act/HPA1969?ViewType=Pdf&_=20250102154440
Holidays Act 1998,https://sso.agc.gov.sg/Act/HA1998?ViewType=Pdf&_=20240814125854
Home Affairs Uniformed Services Superannuation Act 2001,https://sso.agc.gov.sg/Act/HAUSSA2001?ViewType=Pdf&_=20240814193333
Home Team Corps Act 2017,https://sso.agc.gov.sg/Act/HTCA2017?ViewType=Pdf&_=20250403152525
Home Team Science and Technology Agency Act 2019,https://sso.agc.gov.sg/Act/HTSTAA2019?ViewType=Pdf&_=20240228122535
Homes for the Aged Act 1988,https://sso.agc.gov.sg/Act/HAA1988?ViewType=Pdf&_=20250509142431
Hostage-Taking Act 2010,https://sso.agc.gov.sg/Act/HTA2010?ViewType=Pdf&_=20250308183538
Hotels Act 1954,https://sso.agc.gov.sg/Act/HA1954?ViewType=Pdf&_=20241129091724
House to House and Street Collections Act 1947,https://sso.agc.gov.sg/Act/HHSCA1947?ViewType=Pdf&_=20241115110927
Housing and Development Act 1959,https://sso.agc.gov.sg/Act/HDA1959?ViewType=Pdf&_=20250527155618
Housing Developers (Control and Licensing) Act 1965,https://sso.agc.gov.sg/Act/HDCLA1965?ViewType=Pdf&_=20250308213736
Human Biomedical Research Act 2015,https://sso.agc.gov.sg/Act/HBRA2015?ViewType=Pdf&_=20241101200204
Human Cloning and Other Prohibited Practices Act 2004,https://sso.agc.gov.sg/Act/HCOPPA2004?ViewType=Pdf&_=20231213133824
Human Organ Transplant Act 1987,https://sso.agc.gov.sg/Act/HOTA1987?ViewType=Pdf&_=20240613135354
Hydrogen Cyanide (Fumigation) Act 1947,https://sso.agc.gov.sg/Act/HCFA1947?ViewType=Pdf&_=20241115110927
Immigration Act 1959,https://sso.agc.gov.sg/Act/IA1959?ViewType=Pdf&_=20250102161918
Income Tax Act 1947,https://sso.agc.gov.sg/Act/ITA1947?ViewType=Pdf&_=20250515025736
Independence of Singapore Agreement 1965,https://sso.agc.gov.sg/Act/ISA1965?ViewType=Pdf&_=20250529104628
Industrial Relations Act 1960,https://sso.agc.gov.sg/Act/IRA1960?ViewType=Pdf&_=20250308213736
Infectious Diseases Act 1976,https://sso.agc.gov.sg/Act/IDA1976?ViewType=Pdf&_=20250509142823
Info-communications Media Development Authority Act 2016,https://sso.agc.gov.sg/Act/IMDAA2016?ViewType=Pdf&_=20250308180343
Infrastructure Protection Act 2017,https://sso.agc.gov.sg/Act/IPA2017?ViewType=Pdf&_=20250326180801
Inheritance (Family Provision) Act 1966,https://sso.agc.gov.sg/Act/IFPA1966?ViewType=Pdf&_=20250509135318
Inland Revenue Authority of Singapore Act 1992,https://sso.agc.gov.sg/Act/IRASA1992?ViewType=Pdf&_=20250320034213
Innkeepers Act 1970,https://sso.agc.gov.sg/Act/IA1970?ViewType=Pdf&_=20240108134710
Inquiries Act 2007,https://sso.agc.gov.sg/Act/IA2007?ViewType=Pdf&_=20231229163045
"Insolvency, Restructuring and Dissolution Act 2018",https://sso.agc.gov.sg/Act/IRDA2018?ViewType=Pdf&_=20250318190812
Institute of Technical Education Act 1992,https://sso.agc.gov.sg/Act/ITEA1992?ViewType=Pdf&_=20241205123812
Insurance Act 1966,https://sso.agc.gov.sg/Act/IA1966?ViewType=Pdf&_=20250308213736
Intellectual Property Office of Singapore Act 2001,https://sso.agc.gov.sg/Act/IPOSA2001?ViewType=Pdf&_=20240703145034
Internal Security Act 1960,https://sso.agc.gov.sg/Act/ISA1960?ViewType=Pdf&_=20250318182131
International Arbitration Act 1994,https://sso.agc.gov.sg/Act/IAA1994?ViewType=Pdf&_=20250308213736
International Child Abduction Act 2010,https://sso.agc.gov.sg/Act/ICAA2010?ViewType=Pdf&_=20250102154724
International Development Association Act 2002,https://sso.agc.gov.sg/Act/IDAA2002?ViewType=Pdf&_=20230802191440
International Finance Corporation Act 1968,https://sso.agc.gov.sg/Act/IFCA1968?ViewType=Pdf&_=20240108134759
International Interests in Aircraft Equipment Act 2009,https://sso.agc.gov.sg/Act/IIAEA2009?ViewType=Pdf&_=20240711022245
International Organisations (Immunities and Privileges) Act 1948,https://sso.agc.gov.sg/Act/IOIPA1948?ViewType=Pdf&_=20250104032159
Internationally Protected Persons Act 2008,https://sso.agc.gov.sg/Act/IPPA2008?ViewType=Pdf&_=20241115113623
Interpretation Act 1965,https://sso.agc.gov.sg/Act/IA1965?ViewType=Pdf&_=20250308213712
Intestate Succession Act 1967,https://sso.agc.gov.sg/Act/ISA1967?ViewType=Pdf&_=20250509192250
Intoxicating Substances Act 1987,https://sso.agc.gov.sg/Act/ISA1987?ViewType=Pdf&_=20250308213736
ISEAS – Yusof Ishak Institute Act 1968,https://sso.agc.gov.sg/Act/ISEASYIIA1968?ViewType=Pdf&_=20230420164954
Jewish Synagogue Ordinance 1878,https://sso.agc.gov.sg/Act/JSO1878?ViewType=Pdf&_=20250407180742
Judges’ Remuneration Act 1994,https://sso.agc.gov.sg/Act/JRA1994?ViewType=Pdf&_=20241231104015
Judicial Proceedings (Regulation of Reports) Act 1960,https://sso.agc.gov.sg/Act/JPRRA1960?ViewType=Pdf&_=20241115111851
Jurong Town Corporation Act 1968,https://sso.agc.gov.sg/Act/JTCA1968?ViewType=Pdf&_=20250308231735
Kidnapping Act 1961,https://sso.agc.gov.sg/Act/KA1961?ViewType=Pdf&_=20240827022212
Land Acquisition Act 1966,https://sso.agc.gov.sg/Act/LAA1966?ViewType=Pdf&_=20250523160546
Land Betterment Charge Act 2021,https://sso.agc.gov.sg/Act/LBCA2021?ViewType=Pdf&_=20240829141005
Land Revenue Collection Act 1940,https://sso.agc.gov.sg/Act/LRCA1940?ViewType=Pdf&_=20241227210745
Land Surveyors Act 1991,https://sso.agc.gov.sg/Act/LSA1991?ViewType=Pdf&_=20250529125851
Land Titles (Strata) Act 1967,https://sso.agc.gov.sg/Act/LTSA1967?ViewType=Pdf&_=20250523113228
Land Titles Act 1993,https://sso.agc.gov.sg/Act/LTA1993?ViewType=Pdf&_=20241205153355
Land Transport Authority of Singapore Act 1995,https://sso.agc.gov.sg/Act/LTASA1995?ViewType=Pdf&_=20241231213635
Law Enforcement and Other Matters Act 2024,https://sso.agc.gov.sg/Act/LEOMA2024?ViewType=Pdf&_=20241231032648
Layout-Designs of Integrated Circuits Act 1999,https://sso.agc.gov.sg/Act/LDICA1999?ViewType=Pdf&_=20250102154601
Lease Agreements for Retail Premises Act 2023,https://sso.agc.gov.sg/Act/LARPA2023?ViewType=Pdf&_=20241115115713
Legal Aid and Advice Act 1995,https://sso.agc.gov.sg/Act/LAAA1995?ViewType=Pdf&_=20250509195438
Legal Profession Act 1966,https://sso.agc.gov.sg/Act/LPA1966?ViewType=Pdf&_=20250509195503
Legitimacy Act 1934,https://sso.agc.gov.sg/Act/LA1934?ViewType=Pdf&_=20221223180113
Lifelong Learning Endowment Fund Act 2001,https://sso.agc.gov.sg/Act/LLEFA2001?ViewType=Pdf&_=20240829022712
Limitation Act 1959,https://sso.agc.gov.sg/Act/LA1959?ViewType=Pdf&_=20240108155441
Limited Liability Partnerships Act 2005,https://sso.agc.gov.sg/Act/LLPA2005?ViewType=Pdf&_=20250509194745
Limited Partnerships Act 2008,https://sso.agc.gov.sg/Act/LPA2008?ViewType=Pdf&_=20241207031602
Liquor Control (Supply and Consumption) Act 2015,https://sso.agc.gov.sg/Act/LCSCA2015?ViewType=Pdf&_=20241227203747
Little Sisters of the Poor Ordinance 1957,https://sso.agc.gov.sg/Act/LSPO1957?ViewType=Pdf&_=20230420164407
Loans (International Banks) Act 1958,https://sso.agc.gov.sg/Act/LIBA1958?ViewType=Pdf&_=20250509142431
Local Forces (Relief of Financial Hardship) Act 1953,https://sso.agc.gov.sg/Act/LFRFHA1953?ViewType=Pdf&_=20240829022712
Maintenance of Parents Act 1995,https://sso.agc.gov.sg/Act/MPA1995?ViewType=Pdf&_=20241217154009
Maintenance of Religious Harmony Act 1990,https://sso.agc.gov.sg/Act/MRHA1990?ViewType=Pdf&_=20241018145338
Maintenance Orders (Reciprocal Enforcement) Act 1975,https://sso.agc.gov.sg/Act/MOREA1975?ViewType=Pdf&_=20250509142708
Manufacture of Optical Discs Act 2004,https://sso.agc.gov.sg/Act/MODA2004?ViewType=Pdf&_=20241105152301
Marine Insurance Act 1906,https://sso.agc.gov.sg/Act/MIA1906?ViewType=Pdf&_=20241231102222
Maritime and Port Authority of Singapore Act 1996,https://sso.agc.gov.sg/Act/MPASA1996?ViewType=Pdf&_=20250328160606
Maritime Conventions Act 1911,https://sso.agc.gov.sg/Act/MCA1911?ViewType=Pdf&_=20241231102222
Maritime Offences Act 2003,https://sso.agc.gov.sg/Act/MOA2003?ViewType=Pdf&_=20250228123544
Massage Establishments Act 2017,https://sso.agc.gov.sg/Act/MEA2017?ViewType=Pdf&_=20241205121833
Mediation Act 2017,https://sso.agc.gov.sg/Act/MA2017?ViewType=Pdf&_=20240112012651
"Medical (Therapy, Education and Research) Act 1972",https://sso.agc.gov.sg/Act/MTERA1972?ViewType=Pdf&_=20241129215714
Medical and Elderly Care Endowment Schemes Act 2000,https://sso.agc.gov.sg/Act/MECESA2000?ViewType=Pdf&_=20241205115001
Medical Registration Act 1997,https://sso.agc.gov.sg/Act/MRA1997?ViewType=Pdf&_=20250102161829
Medicines (Advertisement and Sale) Act 1955,https://sso.agc.gov.sg/Act/MASA1955?ViewType=Pdf&_=20250320111306
Medicines Act 1975,https://sso.agc.gov.sg/Act/MA1975?ViewType=Pdf&_=20240126194225
MediShield Life Scheme Act 2015,https://sso.agc.gov.sg/Act/MLSA2015?ViewType=Pdf&_=20250328160606
Mental Capacity Act 2008,https://sso.agc.gov.sg/Act/MCA2008?ViewType=Pdf&_=20250308213736
Mental Health (Care and Treatment) Act 2008,https://sso.agc.gov.sg/Act/MHCTA2008?ViewType=Pdf&_=20250102185228
Mercantile Law Amendment Act 1856,https://sso.agc.gov.sg/Act/MLAA1856?ViewType=Pdf&_=20240916204431
Merchant Shipping (Civil Liability and Compensation for Bunker Oil Pollution) Act 2008,https://sso.agc.gov.sg/Act/MSCLCBOPA2008?ViewType=Pdf&_=20240703151223
Merchant Shipping (Civil Liability and Compensation for Oil Pollution) Act 1998,https://sso.agc.gov.sg/Act/MSCLCOPA1998?ViewType=Pdf&_=20250110144025
Merchant Shipping (Maritime Labour Convention) Act 2014,https://sso.agc.gov.sg/Act/MSMLCA2014?ViewType=Pdf&_=20250507210422
Merchant Shipping (Wreck Removal) Act 2017,https://sso.agc.gov.sg/Act/MSWRA2017?ViewType=Pdf&_=20240904165051
Merchant Shipping Act 1995,https://sso.agc.gov.sg/Act/MSA1995?ViewType=Pdf&_=20250308213736
Methodist Episcopal Location Board Ordinance 1908,https://sso.agc.gov.sg/Act/MELBO1908?ViewType=Pdf&_=20220216034557
Metrication Act 1970,https://sso.agc.gov.sg/Act/MA1970?ViewType=Pdf&_=20241231102222
Military Manoeuvres Act 1905,https://sso.agc.gov.sg/Act/MMA1905?ViewType=Pdf&_=20230601202950
Minister for Finance (Incorporation) Act 1959,https://sso.agc.gov.sg/Act/MFIA1959?ViewType=Pdf&_=20241129222713
Minors’ Contracts Act 1987,https://sso.agc.gov.sg/Act/MCA1987?ViewType=Pdf&_=20231229163108
Miscellaneous Offences (Public Order and Nuisance) Act 1906,https://sso.agc.gov.sg/Act/MOPONA1906?ViewType=Pdf&_=20250322013226
Misrepresentation Act 1967,https://sso.agc.gov.sg/Act/MA1967?ViewType=Pdf&_=20220216034557
Missions Étrangères Ordinance 1891,https://sso.agc.gov.sg/Act/MEO1891?ViewType=Pdf&_=20230420164852
Misuse of Drugs Act 1973,https://sso.agc.gov.sg/Act/MDA1973?ViewType=Pdf&_=20250308213736
Monetary Authority of Singapore Act 1970,https://sso.agc.gov.sg/Act/MASA1970?ViewType=Pdf&_=20241016125813
Moneylenders Act 2008,https://sso.agc.gov.sg/Act/MA2008?ViewType=Pdf&_=20250509142623
Motor Vehicles (Third-Party Risks and Compensation) Act 1960,https://sso.agc.gov.sg/Act/MVTPRCA1960?ViewType=Pdf&_=20241205125505
Multi-Level Marketing and Pyramid Selling (Prohibition) Act 1973,https://sso.agc.gov.sg/Act/MLMPSPA1973?ViewType=Pdf&_=20240910194056
Multimodal Transport Act 2021,https://sso.agc.gov.sg/Act/MTA2021?ViewType=Pdf&_=20241014102342
Multinational Enterprise (Minimum Tax) Act 2024,https://sso.agc.gov.sg/Act/MEMTA2024?ViewType=Pdf&_=20250509140822
Mutual Assistance in Criminal Matters Act 2000,https://sso.agc.gov.sg/Act/MACMA2000?ViewType=Pdf&_=20250328031637
Mutual Benefit Organisations Act 1960,https://sso.agc.gov.sg/Act/MBOA1960?ViewType=Pdf&_=20241129222829
Nanyang Polytechnic Act 1992,https://sso.agc.gov.sg/Act/NPA1992?ViewType=Pdf&_=20240918174921
Nanyang Technological University (Corporatisation) Act 2005,https://sso.agc.gov.sg/Act/NTUCA2005?ViewType=Pdf&_=20240910194056
National Arts Council Act 1991,https://sso.agc.gov.sg/Act/NACA1991?ViewType=Pdf&_=20240910194056
National Cadet Corps Act 1972,https://sso.agc.gov.sg/Act/NCCA1972?ViewType=Pdf&_=20250308213736
National Council of Social Service Act 1992,https://sso.agc.gov.sg/Act/NCSSA1992?ViewType=Pdf&_=20241205121859
National Environment Agency Act 2002,https://sso.agc.gov.sg/Act/NEAA2002?ViewType=Pdf&_=20240918023403
National Heritage Board Act 1993,https://sso.agc.gov.sg/Act/NHBA1993?ViewType=Pdf&_=20241205125327
National Library Board Act 1995,https://sso.agc.gov.sg/Act/NLBA1995?ViewType=Pdf&_=20241205121521
National Parks Board Act 1996,https://sso.agc.gov.sg/Act/NPBA1996?ViewType=Pdf&_=20240920161011
National Productivity Fund Act 2010,https://sso.agc.gov.sg/Act/NPFA2010?ViewType=Pdf&_=20250102161138
National Registration Act 1965,https://sso.agc.gov.sg/Act/NRA1965?ViewType=Pdf&_=20250102160737
National Registry of Diseases Act 2007,https://sso.agc.gov.sg/Act/NRDA2007?ViewType=Pdf&_=20250519181733
National Research Fund Act 2006,https://sso.agc.gov.sg/Act/NRFA2006?ViewType=Pdf&_=20241129222800
National Servicemen (Employment) Act 1970,https://sso.agc.gov.sg/Act/NSEA1970?ViewType=Pdf&_=20231229110029
National Symbols Act 2022,https://sso.agc.gov.sg/Act/NSA2022?ViewType=Pdf&_=20241205124259
National University of Singapore (Corporatisation) Act 2005,https://sso.agc.gov.sg/Act/NUSCA2005?ViewType=Pdf&_=20241129222809
Newspaper and Printing Presses Act 1974,https://sso.agc.gov.sg/Act/NPPA1974?ViewType=Pdf&_=20241004165310
Ngee Ann Kongsi (Incorporation) Ordinance 1933,https://sso.agc.gov.sg/Act/NAKIO1933?ViewType=Pdf&_=20250102154601
Ngee Ann Polytechnic Act 1967,https://sso.agc.gov.sg/Act/NAPA1967?ViewType=Pdf&_=20241008013951
Notaries Public Act 1959,https://sso.agc.gov.sg/Act/NPA1959?ViewType=Pdf&_=20241014224828
Nurses and Midwives Act 1999,https://sso.agc.gov.sg/Act/NMA1999?ViewType=Pdf&_=20250320193609
Oaths and Declarations Act 2000,https://sso.agc.gov.sg/Act/ODA2000?ViewType=Pdf&_=20241018165210
Official Secrets Act 1935,https://sso.agc.gov.sg/Act/OSA1935?ViewType=Pdf&_=20250509142823
Online Criminal Harms Act 2023,https://sso.agc.gov.sg/Act/OCHA2023?ViewType=Pdf&_=20250102161905
Optometrists and Opticians Act 2007,https://sso.agc.gov.sg/Act/OOA2007?ViewType=Pdf&_=20241115120220
Organised Crime Act 2015,https://sso.agc.gov.sg/Act/OCA2015?ViewType=Pdf&_=20250318184819
Parking Places (Surcharge) Act 1975,https://sso.agc.gov.sg/Act/PPSA1975?ViewType=Pdf&_=20241111125343
Parking Places Act 1974,https://sso.agc.gov.sg/Act/PPA1974?ViewType=Pdf&_=20241205153355
Parks and Trees Act 2005,https://sso.agc.gov.sg/Act/PTA2005?ViewType=Pdf&_=20250308190407
"Parliament (Privileges, Immunities and Powers) Act 1962",https://sso.agc.gov.sg/Act/PPIPA1962?ViewType=Pdf&_=20250403160141
Parliamentary Elections Act 1954,https://sso.agc.gov.sg/Act/PEA1954?ViewType=Pdf&_=20250509195433
Parliamentary Pensions (Abolition) Act 2012,https://sso.agc.gov.sg/Act/PPAA2012?ViewType=Pdf&_=20250328150211
Parliamentary Pensions Act 1978,https://sso.agc.gov.sg/Act/PPA1978?ViewType=Pdf&_=20241109024535
Partnership Act 1890,https://sso.agc.gov.sg/Act/PA1890?ViewType=Pdf&_=20250519131438
Passports Act 2007,https://sso.agc.gov.sg/Act/PA2007?ViewType=Pdf&_=20241231111858
Patents Act 1994,https://sso.agc.gov.sg/Act/PA1994?ViewType=Pdf&_=20250403160141
Pawnbrokers Act 2015,https://sso.agc.gov.sg/Act/PA2015?ViewType=Pdf&_=20250529133414
Payment and Settlement Systems (Finality and Netting) Act 2002,https://sso.agc.gov.sg/Act/PSSFNA2002?ViewType=Pdf&_=20250308213736
Payment Services Act 2019,https://sso.agc.gov.sg/Act/PSA2019?ViewType=Pdf&_=20250403160141
Payroll Tax Act 1965,https://sso.agc.gov.sg/Act/PTA1965?ViewType=Pdf&_=20250515124445
Penal Code 1871,https://sso.agc.gov.sg/Act/PC1871?ViewType=Pdf&_=20250529132933
Pension Fund Act 1995,https://sso.agc.gov.sg/Act/PFA1995?ViewType=Pdf&_=20250519184600
Pensions (Expatriate Officers) Act,https://sso.agc.gov.sg/Act/PEOA1976?ViewType=Pdf&_=20220216033237
Pensions Act 1956,https://sso.agc.gov.sg/Act/PA1956?ViewType=Pdf&_=20241016122128
People’s Association Act 1960,https://sso.agc.gov.sg/Act/PAA1960?ViewType=Pdf&_=20250527020235
Personal Data Protection Act 2012,https://sso.agc.gov.sg/Act/PDPA2012?ViewType=Pdf&_=20250308210820
Pharmacists Registration Act 2007,https://sso.agc.gov.sg/Act/PRA2007?ViewType=Pdf&_=20250509132901
Pioneer Generation and Merdeka Generation Funds Act 2014,https://sso.agc.gov.sg/Act/PGMGFA2014?ViewType=Pdf&_=20250218124636
Planning Act 1998,https://sso.agc.gov.sg/Act/PA1998?ViewType=Pdf&_=20250308213736
Plant Varieties Protection Act 2004,https://sso.agc.gov.sg/Act/PVPA2004?ViewType=Pdf&_=20231024182532
Platform Workers Act 2024,https://sso.agc.gov.sg/Act/PWA2024?ViewType=Pdf&_=20241231213522
Point-to-Point Passenger Transport Industry Act 2019,https://sso.agc.gov.sg/Act/PPPTIA2019?ViewType=Pdf&_=20241231112128
Poisons Act 1938,https://sso.agc.gov.sg/Act/PA1938?ViewType=Pdf&_=20231201191559
Police Force Act 2004,https://sso.agc.gov.sg/Act/PFA2004?ViewType=Pdf&_=20250523170658
Policies of Assurance Act 1867,https://sso.agc.gov.sg/Act/PAA1867?ViewType=Pdf&_=20240916204407
Portuguese Missions Ordinance 1910,https://sso.agc.gov.sg/Act/PMO1910?ViewType=Pdf&_=20250509191551
Postal Services Act 1999,https://sso.agc.gov.sg/Act/PSA1999?ViewType=Pdf&_=20250123030326
"Precious Stones and Precious Metals (Prevention of Money Laundering, Terrorism Financing and Proliferation Financing) Act 2019",https://sso.agc.gov.sg/Act/PSPMPMLTFPFA2019?ViewType=Pdf&_=20240430210042
Presbyterian Church of England Mission Ordinance 1903,https://sso.agc.gov.sg/Act/PCEMO1903?ViewType=Pdf&_=20240916204407
Presbyterian Church Ordinance 1876,https://sso.agc.gov.sg/Act/PCO1876?ViewType=Pdf&_=20220216034541
Preservation of Monuments Act 2009,https://sso.agc.gov.sg/Act/PMA2009?ViewType=Pdf&_=20220722221024
Presidential Elections Act 1991,https://sso.agc.gov.sg/Act/PrEA1991?ViewType=Pdf&_=20250318181905
Prevention of Corruption Act 1960,https://sso.agc.gov.sg/Act/PCA1960?ViewType=Pdf&_=20250308203742
Prevention of Human Trafficking Act 2014,https://sso.agc.gov.sg/Act/PHTA2014?ViewType=Pdf&_=20250527020334
Prevention of Pollution of the Sea Act 1990,https://sso.agc.gov.sg/Act/PPSA1990?ViewType=Pdf&_=20250529133833
Price Control Act 1950,https://sso.agc.gov.sg/Act/PCA1950?ViewType=Pdf&_=20250527030737
Prisons Act 1933,https://sso.agc.gov.sg/Act/PA1933?ViewType=Pdf&_=20240731181508
Private Education Act 2009,https://sso.agc.gov.sg/Act/PEA2009?ViewType=Pdf&_=20250308203742
Private Security Industry Act 2007,https://sso.agc.gov.sg/Act/PSIA2007?ViewType=Pdf&_=20241018144202
Probate and Administration Act 1934,https://sso.agc.gov.sg/Act/PAA1934?ViewType=Pdf&_=20240924025421
Probation of Offenders Act 1951,https://sso.agc.gov.sg/Act/POA1951?ViewType=Pdf&_=20250529133833
Professional Engineers Act 1991,https://sso.agc.gov.sg/Act/PEA1991?ViewType=Pdf&_=20230823220047
Property Tax Act 1960,https://sso.agc.gov.sg/Act/PTA1960?ViewType=Pdf&_=20250320141254
Protection from Harassment Act 2014,https://sso.agc.gov.sg/Act/PHA2014?ViewType=Pdf&_=20241129222756
Protection from Online Falsehoods and Manipulation Act 2019,https://sso.agc.gov.sg/Act/POFMA2019?ViewType=Pdf&_=20241231102339
Public Defenders Act 2022,https://sso.agc.gov.sg/Act/PDA2022?ViewType=Pdf&_=20241205153407
Public Entertainments Act 1958,https://sso.agc.gov.sg/Act/PEA1958?ViewType=Pdf&_=20250403160141
Public Order Act 2009,https://sso.agc.gov.sg/Act/POA2009?ViewType=Pdf&_=20250529133833
Public Order and Safety (Special Powers) Act 2018,https://sso.agc.gov.sg/Act/POSSPA2018?ViewType=Pdf&_=20240627031325
Public Sector (Governance) Act 2018,https://sso.agc.gov.sg/Act/PSGA2018?ViewType=Pdf&_=20250509142823
Public Service (Monthly Variable Component and Non-pensionable Annual Allowance) Act 1988,https://sso.agc.gov.sg/Act/PSMVCNAAA1988?ViewType=Pdf&_=20250529133833
Public Service (Service Commissions) Act 1956,https://sso.agc.gov.sg/Act/PSSCA1956?ViewType=Pdf&_=20231229210015
Public Transport Council Act 1987,https://sso.agc.gov.sg/Act/PTCA1987?ViewType=Pdf&_=20241231111957
Public Trustee Act 1915,https://sso.agc.gov.sg/Act/PTA1915?ViewType=Pdf&_=20250529153251
Public Utilities Act 2001,https://sso.agc.gov.sg/Act/PUA2001?ViewType=Pdf&_=20250318190919
Radiation Protection Act 2007,https://sso.agc.gov.sg/Act/RPA2007?ViewType=Pdf&_=20250228123544
Railways Act 1905,https://sso.agc.gov.sg/Act/RA1905?ViewType=Pdf&_=20241101172647
Rapid Transit Systems Act 1995,https://sso.agc.gov.sg/Act/RTSA1995?ViewType=Pdf&_=20250509195438
Reciprocal Enforcement of Commonwealth Judgments (Repeal) Act 2019,https://sso.agc.gov.sg/Act/RECJRA2019?ViewType=Pdf&_=20241115113715
Reciprocal Enforcement of Foreign Judgments Act 1959,https://sso.agc.gov.sg/Act/REFJA1959?ViewType=Pdf&_=20240223130031
Redemptorist Fathers Ordinance 1948,https://sso.agc.gov.sg/Act/RFO1948?ViewType=Pdf&_=20230420164852
Registered Designs Act 2000,https://sso.agc.gov.sg/Act/RDA2000?ViewType=Pdf&_=20250308213736
Registration of Births and Deaths Act 2021,https://sso.agc.gov.sg/Act/RBDA2021?ViewType=Pdf&_=20250425133845
Registration of Criminals Act 1949,https://sso.agc.gov.sg/Act/RCA1949?ViewType=Pdf&_=20250529161534
Registration of Deeds Act 1988,https://sso.agc.gov.sg/Act/RDA1988?ViewType=Pdf&_=20250403160141
Regulation of Imports and Exports Act 1995,https://sso.agc.gov.sg/Act/RIEA1995?ViewType=Pdf&_=20250507213243
Republic of Singapore Independence Act 1965,https://sso.agc.gov.sg/Act/RSIA1965?ViewType=Pdf&_=20250228130405
Republic Polytechnic Act 2002,https://sso.agc.gov.sg/Act/RPA2002?ViewType=Pdf&_=20240918174921
Requisition of Resources Act 1985,https://sso.agc.gov.sg/Act/RRA1985?ViewType=Pdf&_=20250403160141
Residential Property Act 1976,https://sso.agc.gov.sg/Act/RPA1976?ViewType=Pdf&_=20230802212250
Resource Sustainability Act 2019,https://sso.agc.gov.sg/Act/RSA2019?ViewType=Pdf&_=20241014223919
Retirement and Re-employment Act 1993,https://sso.agc.gov.sg/Act/RRA1993?ViewType=Pdf&_=20250308183521
Revised Edition of the Laws Act 1983,https://sso.agc.gov.sg/Act/RELA1983?ViewType=Pdf&_=20250308213712
Road Traffic Act 1961,https://sso.agc.gov.sg/Act/RTA1961?ViewType=Pdf&_=20250529133521
Road Vehicles (Special Powers) Act 1960,https://sso.agc.gov.sg/Act/RVSPA1960?ViewType=Pdf&_=20250308213317
Roman Catholic Archbishop Act 1975,https://sso.agc.gov.sg/Act/RCAA1975?ViewType=Pdf&_=20220921204017
Rubber Industry Act 1992,https://sso.agc.gov.sg/Act/RIA1992?ViewType=Pdf&_=20240924143929
Saint Andrew’s Mission Hospital Ordinance 1934,https://sso.agc.gov.sg/Act/SAMHO1934?ViewType=Pdf&_=20240916204407
Sale of Commercial Properties Act 1979,https://sso.agc.gov.sg/Act/SCPA1979?ViewType=Pdf&_=20230406025215
Sale of Food Act 1973,https://sso.agc.gov.sg/Act/SFA1973?ViewType=Pdf&_=20240601033109
Sale of Goods (United Nations Convention) Act 1995,https://sso.agc.gov.sg/Act/SGUNCA1995?ViewType=Pdf&_=20250509195503
Sale of Goods Act 1979,https://sso.agc.gov.sg/Act/SGA1979?ViewType=Pdf&_=20231229163108
Salvation Army Ordinance 1939,https://sso.agc.gov.sg/Act/SAO1939?ViewType=Pdf&_=20220427053411
Sand and Granite Quarries Act 1970,https://sso.agc.gov.sg/Act/SGQA1970?ViewType=Pdf&_=20250320141330
Scheut Missions Ordinance 1938,https://sso.agc.gov.sg/Act/SMO1938?ViewType=Pdf&_=20220412003524
School Boards (Incorporation) Act 1990,https://sso.agc.gov.sg/Act/SBIA1990?ViewType=Pdf&_=20250509195503
School Crossing Patrols Act 1955,https://sso.agc.gov.sg/Act/SCPA1955?ViewType=Pdf&_=20250509192250
Science Centre Act 1970,https://sso.agc.gov.sg/Act/ScCA1970?ViewType=Pdf&_=20250509195503
Secondhand Goods Dealers Act 2007,https://sso.agc.gov.sg/Act/SGDA2007?ViewType=Pdf&_=20250320141330
Secretary of the Synod of the Diocese of Singapore Ordinance 1959,https://sso.agc.gov.sg/Act/SSDSO1959?ViewType=Pdf&_=20220909172835
Securities and Futures Act 2001,https://sso.agc.gov.sg/Act/SFA2001?ViewType=Pdf&_=20250529104617
Sentosa Development Corporation Act 1972,https://sso.agc.gov.sg/Act/SDCA1972?ViewType=Pdf&_=20241129120934
Service Lands Act 1963,https://sso.agc.gov.sg/Act/SLA1963?ViewType=Pdf&_=20240108204033
Settled Estates Act 1934,https://sso.agc.gov.sg/Act/SEA1934?ViewType=Pdf&_=20250519104206
Sewerage and Drainage Act 1999,https://sso.agc.gov.sg/Act/SDA1999?ViewType=Pdf&_=20250320154721
Shared Mobility Enterprises (Control and Licensing) Act 2020,https://sso.agc.gov.sg/Act/SMECLA2020?ViewType=Pdf&_=20250308204745
Significant Infrastructure Government Loan Act 2021,https://sso.agc.gov.sg/Act/SIGLA2021?ViewType=Pdf&_=20250509191433
Significant Investments Review Act 2024,https://sso.agc.gov.sg/Act/SIRA2024?ViewType=Pdf&_=20240719012031
Silver Support Scheme Act 2015,https://sso.agc.gov.sg/Act/SSSA2015?ViewType=Pdf&_=20250102161918
Singapore Academy of Law Act 1988,https://sso.agc.gov.sg/Act/SALA1988?ViewType=Pdf&_=20250417193314
Singapore Armed Forces Act 1972,https://sso.agc.gov.sg/Act/SAFA1972?ViewType=Pdf&_=20250320141330
Singapore Business Federation Act 2001,https://sso.agc.gov.sg/Act/SBFA2001?ViewType=Pdf&_=20240108204039
Singapore Convention on Mediation Act 2020,https://sso.agc.gov.sg/Act/SCMA2020?ViewType=Pdf&_=20230823214018
Singapore Corporation of Rehabilitative Enterprises Act 1975,https://sso.agc.gov.sg/Act/SCREA1975?ViewType=Pdf&_=20240918175018
Singapore Examinations and Assessment Board Act 2003,https://sso.agc.gov.sg/Act/SEABA2003?ViewType=Pdf&_=20240918174921
Singapore Food Agency Act 2019,https://sso.agc.gov.sg/Act/SFAA2019?ViewType=Pdf&_=20231229162608
Singapore Institute of Technology Act 2014,https://sso.agc.gov.sg/Act/SITA2014?ViewType=Pdf&_=20250509191945
Singapore Labour Foundation Act 1977,https://sso.agc.gov.sg/Act/SLFA1977?ViewType=Pdf&_=20250102161811
Singapore Land Authority Act 2001,https://sso.agc.gov.sg/Act/SLAA2001?ViewType=Pdf&_=20241205153355
Singapore Management University Act 2000,https://sso.agc.gov.sg/Act/SMUA2000?ViewType=Pdf&_=20230802212459
Singapore Polytechnic Act 1954,https://sso.agc.gov.sg/Act/SPA1954?ViewType=Pdf&_=20240412130957
Singapore Railway Transfer Ordinance 1918,https://sso.agc.gov.sg/Act/SRTO1918?ViewType=Pdf&_=20220909172835
Singapore Red Cross Society Act 1973,https://sso.agc.gov.sg/Act/SRCSA1973?ViewType=Pdf&_=20250519132817
Singapore Sports Council Act 1973,https://sso.agc.gov.sg/Act/SSCA1973?ViewType=Pdf&_=20250509114515
Singapore Totalisator Board Act 1987,https://sso.agc.gov.sg/Act/STBA1987?ViewType=Pdf&_=20241205120514
Singapore Tourism (Cess Collection) Act 1972,https://sso.agc.gov.sg/Act/STCCA1972?ViewType=Pdf&_=20230321182251
Singapore Tourism Board Act 1963,https://sso.agc.gov.sg/Act/STBA1963?ViewType=Pdf&_=20250102155327
Singapore University of Social Sciences Act 2017,https://sso.agc.gov.sg/Act/SUSSA2017?ViewType=Pdf&_=20250509191156
Singapore University of Technology and Design Act 2011,https://sso.agc.gov.sg/Act/SUTDA2011?ViewType=Pdf&_=20220811160002
Skills Development Levy Act 1979,https://sso.agc.gov.sg/Act/SDLA1979?ViewType=Pdf&_=20250308224919
SkillsFuture Singapore Agency Act 2016,https://sso.agc.gov.sg/Act/SSAA2016?ViewType=Pdf&_=20250523164820
Small Claims Tribunals Act 1984,https://sso.agc.gov.sg/Act/SCTA1984?ViewType=Pdf&_=20230802212419
Small Motorised Vehicles (Safety) Act 2020,https://sso.agc.gov.sg/Act/SMVSA2020?ViewType=Pdf&_=20250509191156
Smoking (Prohibition in Certain Places) Act 1992,https://sso.agc.gov.sg/Act/SPCPA1992?ViewType=Pdf&_=20250102155209
Societies Act 1966,https://sso.agc.gov.sg/Act/SA1966?ViewType=Pdf&_=20250208021422
Society of Saint Maur Incorporation Ordinance 1923,https://sso.agc.gov.sg/Act/SSMIO1923?ViewType=Pdf&_=20241205125013
Spam Control Act 2007,https://sso.agc.gov.sg/Act/SCA2007?ViewType=Pdf&_=20240705174756
Stamp Duties Act 1929,https://sso.agc.gov.sg/Act/SDA1929?ViewType=Pdf&_=20250529104617
State Courts Act 1970,https://sso.agc.gov.sg/Act/SCA1970?ViewType=Pdf&_=20241004120307
State Immunity Act 1979,https://sso.agc.gov.sg/Act/SIA1979?ViewType=Pdf&_=20241227210745
State Lands Act 1920,https://sso.agc.gov.sg/Act/SLA1920?ViewType=Pdf&_=20241231102308
State Lands Protection Act 2022,https://sso.agc.gov.sg/Act/SLPA2022?ViewType=Pdf&_=20241205153355
States of Malaya Customs Duties Collection Act 1958,https://sso.agc.gov.sg/Act/SMCDCA1958?ViewType=Pdf&_=20230420164856
Statistics Act 1973,https://sso.agc.gov.sg/Act/SA1973?ViewType=Pdf&_=20240601033052
Status of Children (Assisted Reproduction Technology) Act 2013,https://sso.agc.gov.sg/Act/SCARTA2013?ViewType=Pdf&_=20240924025421
Statutory Boards (Taxable Services) Act 1968,https://sso.agc.gov.sg/Act/SBTSA1968?ViewType=Pdf&_=20240329163925
Statutory Bodies and Government Companies (Protection of Secrecy) Act 1983,https://sso.agc.gov.sg/Act/SBGCPSA1983?ViewType=Pdf&_=20250509142823
Statutory Corporations (Contributions to Consolidated Fund) Act 1989,https://sso.agc.gov.sg/Act/SCCCFA1989?ViewType=Pdf&_=20250509142823
Straits Settlements and Johore Territorial Waters (Agreement) Act 1928,https://sso.agc.gov.sg/Act/SSJTWAA1928?ViewType=Pdf&_=20230420164856
Strategic Goods (Control) Act 2002,https://sso.agc.gov.sg/Act/SGCA2002?ViewType=Pdf&_=20250509114515
Street Works Act 1995,https://sso.agc.gov.sg/Act/SWA1995?ViewType=Pdf&_=20241231112029
Sultan Hussain Ordinance 1904,https://sso.agc.gov.sg/Act/SHO1904?ViewType=Pdf&_=20230823110729
Supplementary Supply (FY 2024) Act 2025,https://sso.agc.gov.sg/Act/SSFY2024A2025?ViewType=Pdf&_=20250326034046
Supply Act 2024,https://sso.agc.gov.sg/Act/SA2024?ViewType=Pdf&_=20240412130945
Supply Act 2025,https://sso.agc.gov.sg/Act/SA2025?ViewType=Pdf&_=20250320194017
Supply of Goods Act 1982,https://sso.agc.gov.sg/Act/SGA1982?ViewType=Pdf&_=20241231102308
Supreme Court of Judicature Act 1969,https://sso.agc.gov.sg/Act/SCJA1969?ViewType=Pdf&_=20250529104213
Telecommunications Act 1999,https://sso.agc.gov.sg/Act/TA1999?ViewType=Pdf&_=20250308183045
Temasek Polytechnic Act 1990,https://sso.agc.gov.sg/Act/TPA1990?ViewType=Pdf&_=20241205125035
Termination of Pregnancy Act 1974,https://sso.agc.gov.sg/Act/TPA1974?ViewType=Pdf&_=20250527030737
Terrorism (Suppression of Bombings) Act 2007,https://sso.agc.gov.sg/Act/TSBA2007?ViewType=Pdf&_=20250308183538
Terrorism (Suppression of Financing) Act 2002,https://sso.agc.gov.sg/Act/TSFA2002?ViewType=Pdf&_=20250509195445
Terrorism (Suppression of Misuse of Radioactive Material) Act 2017,https://sso.agc.gov.sg/Act/TSMRMA2017?ViewType=Pdf&_=20241231105322
The Kwong-Wai-Shiu Free Hospital (Transfer of Undertaking and Dissolution) Act 2017,https://sso.agc.gov.sg/Act/TKWSFHTUDA2017?ViewType=Pdf&_=20240516183309
Third Parties (Rights Against Insurers) Act 1930,https://sso.agc.gov.sg/Act/TPRAIA1930?ViewType=Pdf&_=20220405202810
Tobacco (Control of Advertisements and Sale) Act 1993,https://sso.agc.gov.sg/Act/TCASA1993?ViewType=Pdf&_=20250527022907
Tokyo Convention Act 1971,https://sso.agc.gov.sg/Act/TCA1971?ViewType=Pdf&_=20241231102308
Town Councils Act 1988,https://sso.agc.gov.sg/Act/TCA1988?ViewType=Pdf&_=20241018145209
Trade Disputes Act 1941,https://sso.agc.gov.sg/Act/TDA1941?ViewType=Pdf&_=20241205125505
Trade Marks Act 1998,https://sso.agc.gov.sg/Act/TMA1998?ViewType=Pdf&_=20250509195407
Trade Unions Act 1940,https://sso.agc.gov.sg/Act/TUA1940?ViewType=Pdf&_=20241205125505
Traditional Chinese Medicine Practitioners Act 2000,https://sso.agc.gov.sg/Act/TCMPA2000?ViewType=Pdf&_=20250519111658
Transboundary Haze Pollution Act 2014,https://sso.agc.gov.sg/Act/THPA2014?ViewType=Pdf&_=20250102155233
Transport Safety Investigations Act 2018,https://sso.agc.gov.sg/Act/TSIA2018?ViewType=Pdf&_=20250110022607
Transport Sector (Critical Firms) Act 2024,https://sso.agc.gov.sg/Act/TSCFA2024?ViewType=Pdf&_=20250328183657
Travel Agents Act 1975,https://sso.agc.gov.sg/Act/TAA1975?ViewType=Pdf&_=20250527022835
"Treasurer of Presbyterian Church, Singapore Ordinance 1899",https://sso.agc.gov.sg/Act/TPCSO1899?ViewType=Pdf&_=20230420164856
Trust Companies Act 2005,https://sso.agc.gov.sg/Act/TCA2005?ViewType=Pdf&_=20250509195407
Trustees Act 1967,https://sso.agc.gov.sg/Act/TA1967?ViewType=Pdf&_=20241227211313
Undesirable Publications Act 1967,https://sso.agc.gov.sg/Act/UPA1967?ViewType=Pdf&_=20250509195407
Unfair Contract Terms Act 1977,https://sso.agc.gov.sg/Act/UCTA1977?ViewType=Pdf&_=20230420164856
United Nations Act 2001,https://sso.agc.gov.sg/Act/UNA2001?ViewType=Pdf&_=20240705030900
United Nations Personnel Act 2011,https://sso.agc.gov.sg/Act/UNPA2011?ViewType=Pdf&_=20250228123544
Urban Redevelopment Authority Act 1989,https://sso.agc.gov.sg/Act/URAA1989?ViewType=Pdf&_=20250308203742
Vandalism Act 1966,https://sso.agc.gov.sg/Act/VA1966?ViewType=Pdf&_=20230227142843
Variable Capital Companies Act 2018,https://sso.agc.gov.sg/Act/VCCA2018?ViewType=Pdf&_=20250509195508
Victoria Theatre Act 1903,https://sso.agc.gov.sg/Act/VTA1903?ViewType=Pdf&_=20230420164856
Vigilante Corps Act 1967,https://sso.agc.gov.sg/Act/VCA1967?ViewType=Pdf&_=20241231102222
Visiting Forces Act 1960,https://sso.agc.gov.sg/Act/VFA1960?ViewType=Pdf&_=20220616163217
Voluntary Sterilisation Act 1974,https://sso.agc.gov.sg/Act/VSA1974?ViewType=Pdf&_=20240613135354
Vulnerable Adults Act 2018,https://sso.agc.gov.sg/Act/VAA2018?ViewType=Pdf&_=20241205125418
Weights and Measures Act 1975,https://sso.agc.gov.sg/Act/WMA1975?ViewType=Pdf&_=20240719004608
Wholesome Meat and Fish Act 1999,https://sso.agc.gov.sg/Act/WMFA1999?ViewType=Pdf&_=20250407180659
Widows’ and Orphans’ Pension Act 1904,https://sso.agc.gov.sg/Act/WOPA1904?ViewType=Pdf&_=20241004121436
Wildlife Act 1965,https://sso.agc.gov.sg/Act/WA1965?ViewType=Pdf&_=20250509113348
Wills Act 1838,https://sso.agc.gov.sg/Act/WA1838?ViewType=Pdf&_=20250308183737
Women’s Charter 1961,https://sso.agc.gov.sg/Act/WC1961?ViewType=Pdf&_=20250509195407
Work Injury Compensation Act 2019,https://sso.agc.gov.sg/Act/WICA2019?ViewType=Pdf&_=20241205153423
Workforce Singapore Agency Act 2003,https://sso.agc.gov.sg/Act/WSAA2003?ViewType=Pdf&_=20250429134139
Workplace Safety and Health Act 2006,https://sso.agc.gov.sg/Act/WSHA2006?ViewType=Pdf&_=20241205171717
